-- phpMyAdmin SQL Dump
-- version 4.6.5.2
-- https://www.phpmyadmin.net/
--
-- Host: localhost:8889
-- Generation Time: Dec 20, 2018 at 01:40 AM
-- Server version: 5.6.35
-- PHP Version: 7.0.15

SET SQL_MODE = "NO_AUTO_VALUE_ON_ZERO";
SET time_zone = "+00:00";


/*!40101 SET @OLD_CHARACTER_SET_CLIENT=@@CHARACTER_SET_CLIENT */;
/*!40101 SET @OLD_CHARACTER_SET_RESULTS=@@CHARACTER_SET_RESULTS */;
/*!40101 SET @OLD_COLLATION_CONNECTION=@@COLLATION_CONNECTION */;
/*!40101 SET NAMES utf8mb4 */;

--
-- Database: `child_development`
--
CREATE DATABASE IF NOT EXISTS `child_development` DEFAULT CHARACTER SET utf8 COLLATE utf8_general_ci;
USE `child_development`;

-- --------------------------------------------------------

--
-- Table structure for table `children`
--

CREATE TABLE `children` (
  `id` int(11) NOT NULL,
  `name` varchar(255) NOT NULL,
  `gender` tinyint(1) NOT NULL,
  `weight` int(11) NOT NULL,
  `height` int(11) NOT NULL,
  `birthdate` date NOT NULL,
  `breastfeeding` tinyint(1) NOT NULL
) ENGINE=InnoDB DEFAULT CHARSET=utf8 ROW_FORMAT=COMPACT;

--
-- Dumping data for table `children`
--

INSERT INTO `children` (`id`, `name`, `gender`, `weight`, `height`, `birthdate`, `breastfeeding`) VALUES
(49, 'Horatio', 0, 88, 20, '2014-01-01', 1),
(50, 'Jeanette', 1, 90, 21, '2014-02-01', 1),
(51, 'Epifanio', 0, 91, 21, '2014-12-01', 1),
(52, 'Eustice', 1, 93, 22, '2013-09-01', 1),
(53, 'Nathaniel', 0, 94, 20, '2013-08-01', 1),
(54, 'Jessica', 0, 95, 21, '2013-09-01', 0),
(55, 'Jessica', 0, 95, 21, '2013-09-01', 0),
(56, 'Jessica', 0, 95, 21, '2013-09-01', 0),
(57, 'Jessica', 0, 95, 21, '2013-09-01', 0),
(58, 'Jessica', 0, 95, 21, '2013-09-01', 0),
(59, 'Jessica', 0, 95, 21, '2013-09-01', 0),
(60, 'Jessica', 0, 95, 21, '2013-09-01', 0),
(61, 'Jessica', 0, 95, 21, '2013-09-01', 0),
(62, 'Jessica', 0, 95, 21, '2013-09-01', 0),
(63, 'Jessica', 0, 95, 21, '2013-09-01', 0),
(64, 'Jessica', 0, 95, 21, '2013-09-01', 0),
(65, 'Jessica', 0, 95, 21, '2013-09-01', 0),
(66, 'Jessica', 0, 95, 21, '2013-09-01', 0),
(67, 'Jessica', 0, 95, 21, '2013-09-01', 0),
(68, 'Jessica', 0, 95, 21, '2013-09-01', 0),
(69, 'Jessica', 0, 95, 21, '2013-09-01', 0),
(70, 'Jessica', 0, 95, 21, '2013-09-01', 0),
(71, 'Jessica', 0, 95, 21, '2013-09-01', 0),
(72, 'Jessica', 0, 95, 21, '2013-09-01', 0),
(73, 'Jessica', 0, 95, 21, '2013-09-01', 0);

-- --------------------------------------------------------

--
-- Table structure for table `child_events`
--

CREATE TABLE `child_events` (
  `id` int(11) NOT NULL,
  `child_id` int(11) NOT NULL,
  `event_id` int(11) NOT NULL,
  `time` date NOT NULL
) ENGINE=InnoDB DEFAULT CHARSET=utf8;

--
-- Dumping data for table `child_events`
--

INSERT INTO `child_events` (`id`, `child_id`, `event_id`, `time`) VALUES
(20, 3, 1, '2016-11-11'),
(21, 3, 2, '2016-12-20'),
(22, 3, 3, '2017-01-13'),
(23, 3, 4, '2017-03-03'),
(24, 4, 1, '2016-11-11'),
(25, 4, 2, '2016-12-20'),
(26, 4, 3, '2017-01-13'),
(27, 4, 4, '2017-03-03'),
(28, 5, 1, '2018-12-02'),
(29, 5, 2, '2018-12-03'),
(30, 5, 3, '2018-12-04'),
(31, 5, 4, '2018-12-05'),
(32, 5, 5, '2018-12-06'),
(33, 5, 6, '2018-12-07'),
(34, 5, 7, '2018-12-08'),
(35, 5, 8, '2018-12-09'),
(36, 5, 9, '2018-12-10'),
(37, 5, 10, '2018-12-11'),
(38, 5, 11, '2018-12-12'),
(39, 5, 12, '2018-12-13'),
(40, 5, 13, '2018-12-14'),
(41, 5, 14, '2018-12-15'),
(42, 6, 1, '2018-12-02'),
(43, 6, 2, '2018-12-03'),
(44, 6, 3, '2018-12-04'),
(45, 6, 4, '2018-12-05'),
(46, 6, 5, '2018-12-06'),
(47, 6, 6, '2018-12-07'),
(48, 6, 7, '2018-12-08'),
(49, 6, 8, '2018-12-09'),
(542, 49, 1, '2014-02-01'),
(543, 49, 2, '2014-03-01'),
(544, 49, 3, '2014-06-01'),
(545, 49, 4, '2014-06-01'),
(546, 49, 5, '2014-08-01'),
(547, 49, 6, '2014-12-01'),
(548, 49, 7, '2015-02-01'),
(549, 49, 8, '2015-04-01'),
(550, 49, 9, '2015-06-01'),
(551, 49, 10, '2015-08-01'),
(552, 49, 11, '2016-10-01'),
(553, 49, 12, '2016-11-01'),
(554, 49, 13, '2017-12-01'),
(555, 49, 14, '2018-12-01'),
(556, 50, 1, '2014-02-01'),
(557, 50, 2, '2014-03-01'),
(558, 50, 3, '2014-05-01'),
(559, 50, 4, '2014-06-01'),
(560, 50, 5, '2014-10-01'),
(561, 50, 6, '2014-12-01'),
(562, 50, 7, '2015-02-01'),
(563, 50, 8, '2015-02-01'),
(564, 50, 9, '2015-07-01'),
(565, 50, 10, '2015-08-01'),
(566, 50, 11, '2016-09-01'),
(567, 50, 12, '2016-11-01'),
(568, 50, 13, '2017-01-01'),
(569, 50, 14, '2018-12-01'),
(570, 51, 1, '2014-02-01'),
(571, 51, 2, '2014-04-01'),
(572, 51, 3, '2014-04-01'),
(573, 51, 4, '2014-08-01'),
(574, 51, 5, '2014-10-01'),
(575, 51, 6, '2014-12-01'),
(576, 51, 7, '2016-02-01'),
(577, 51, 8, '2015-02-01'),
(578, 51, 9, '2015-07-01'),
(579, 51, 10, '2017-08-01'),
(580, 51, 11, '2016-09-01'),
(581, 51, 12, '2016-11-01'),
(582, 51, 13, '2017-01-01'),
(583, 51, 14, '2018-12-01'),
(584, 52, 1, '2014-02-01'),
(585, 52, 2, '2014-04-01'),
(586, 52, 3, '2014-04-01'),
(587, 52, 4, '2014-08-01'),
(588, 52, 5, '2014-10-01'),
(589, 52, 6, '2014-12-01'),
(590, 52, 7, '2015-02-01'),
(591, 52, 8, '2015-02-01'),
(592, 52, 9, '2015-07-01'),
(593, 52, 10, '2016-08-01'),
(594, 52, 11, '2016-09-01'),
(595, 52, 12, '2016-11-01'),
(596, 52, 13, '2017-01-01'),
(597, 52, 14, '2018-12-01'),
(598, 53, 1, '2014-12-01'),
(599, 53, 2, '2014-04-01'),
(600, 53, 3, '2014-04-01'),
(601, 53, 4, '2014-06-01'),
(602, 53, 5, '2014-08-01'),
(603, 53, 6, '2014-10-01'),
(604, 53, 7, '2015-01-01'),
(605, 53, 8, '2015-02-01'),
(606, 53, 9, '2015-07-01'),
(607, 53, 10, '2016-08-01'),
(608, 53, 11, '2017-09-01'),
(609, 53, 12, '2016-11-01'),
(610, 53, 13, '2017-01-01'),
(611, 53, 14, '2018-12-01'),
(612, 54, 1, '2013-12-01'),
(613, 54, 2, '2014-02-01'),
(614, 54, 3, '2014-05-01'),
(615, 54, 4, '2014-06-01'),
(616, 54, 5, '2014-09-01'),
(617, 54, 6, '2014-12-01'),
(618, 54, 7, '2015-01-01'),
(619, 54, 8, '2015-02-01'),
(620, 54, 9, '2015-07-01'),
(621, 54, 10, '2016-08-01'),
(622, 54, 11, '2017-09-01'),
(623, 54, 12, '2017-11-01'),
(624, 54, 13, '2017-06-01'),
(625, 54, 14, '2018-12-01'),
(626, 55, 1, '2013-12-01'),
(627, 55, 2, '2014-02-01'),
(628, 55, 3, '2014-05-01'),
(629, 55, 4, '2014-06-01'),
(630, 55, 5, '2014-09-01'),
(631, 55, 6, '2014-12-01'),
(632, 55, 7, '2015-01-01'),
(633, 55, 8, '2015-02-01'),
(634, 55, 9, '2015-07-01'),
(635, 55, 10, '2016-08-01'),
(636, 55, 11, '2017-09-01'),
(637, 55, 12, '2017-11-01'),
(638, 55, 13, '2017-06-01'),
(639, 55, 14, '2018-12-01'),
(640, 56, 1, '2013-12-01'),
(641, 56, 2, '2014-02-01'),
(642, 56, 3, '2014-05-01'),
(643, 56, 4, '2014-06-01'),
(644, 56, 5, '2014-09-01'),
(645, 56, 6, '2014-12-01'),
(646, 56, 7, '2015-01-01'),
(647, 56, 8, '2015-02-01'),
(648, 56, 9, '2015-07-01'),
(649, 56, 10, '2016-08-01'),
(650, 56, 11, '2017-09-01'),
(651, 56, 12, '2017-11-01'),
(652, 56, 13, '2017-06-01'),
(653, 56, 14, '2018-12-01'),
(654, 57, 1, '2013-12-01'),
(655, 57, 2, '2014-02-01'),
(656, 57, 3, '2014-05-01'),
(657, 57, 4, '2014-06-01'),
(658, 57, 5, '2014-09-01'),
(659, 57, 6, '2014-12-01'),
(660, 57, 7, '2015-01-01'),
(661, 57, 8, '2015-02-01'),
(662, 57, 9, '2015-07-01'),
(663, 57, 10, '2016-08-01'),
(664, 57, 11, '2017-09-01'),
(665, 57, 12, '2017-11-01'),
(666, 57, 13, '2017-06-01'),
(667, 57, 14, '2018-12-01'),
(668, 58, 1, '2013-12-01'),
(669, 58, 2, '2014-02-01'),
(670, 58, 3, '2014-05-01'),
(671, 58, 4, '2014-06-01'),
(672, 58, 5, '2014-09-01'),
(673, 58, 6, '2014-12-01'),
(674, 58, 7, '2015-01-01'),
(675, 58, 8, '2015-02-01'),
(676, 58, 9, '2015-07-01'),
(677, 58, 10, '2016-08-01'),
(678, 58, 11, '2017-09-01'),
(679, 58, 12, '2017-11-01'),
(680, 58, 13, '2017-06-01'),
(681, 58, 14, '2018-12-01'),
(682, 59, 1, '2013-12-01'),
(683, 59, 2, '2014-02-01'),
(684, 59, 3, '2014-05-01'),
(685, 59, 4, '2014-06-01'),
(686, 59, 5, '2014-09-01'),
(687, 59, 6, '2014-12-01'),
(688, 59, 7, '2015-01-01'),
(689, 59, 8, '2015-02-01'),
(690, 59, 9, '2015-07-01'),
(691, 59, 10, '2016-08-01'),
(692, 59, 11, '2017-09-01'),
(693, 59, 12, '2017-11-01'),
(694, 59, 13, '2017-06-01'),
(695, 59, 14, '2018-12-01'),
(696, 60, 1, '2013-12-01'),
(697, 60, 2, '2014-02-01'),
(698, 60, 3, '2014-05-01'),
(699, 60, 4, '2014-06-01'),
(700, 60, 5, '2014-09-01'),
(701, 60, 6, '2014-12-01'),
(702, 60, 7, '2015-01-01'),
(703, 60, 8, '2015-02-01'),
(704, 60, 9, '2015-07-01'),
(705, 60, 10, '2016-08-01'),
(706, 60, 11, '2017-09-01'),
(707, 60, 12, '2017-11-01'),
(708, 60, 13, '2017-06-01'),
(709, 60, 14, '2018-12-01'),
(710, 61, 1, '2013-12-01'),
(711, 61, 2, '2014-02-01'),
(712, 61, 3, '2014-05-01'),
(713, 61, 4, '2014-06-01'),
(714, 61, 5, '2014-09-01'),
(715, 61, 6, '2014-12-01'),
(716, 61, 7, '2015-01-01'),
(717, 61, 8, '2015-02-01'),
(718, 61, 9, '2015-07-01'),
(719, 61, 10, '2016-08-01'),
(720, 61, 11, '2017-09-01'),
(721, 61, 12, '2017-11-01'),
(722, 61, 13, '2017-06-01'),
(723, 61, 14, '2018-12-01'),
(724, 62, 1, '2013-12-01'),
(725, 62, 2, '2014-02-01'),
(726, 62, 3, '2014-05-01'),
(727, 62, 4, '2014-06-01'),
(728, 62, 5, '2014-09-01'),
(729, 62, 6, '2014-12-01'),
(730, 62, 7, '2015-01-01'),
(731, 62, 8, '2015-02-01'),
(732, 62, 9, '2015-07-01'),
(733, 62, 10, '2016-08-01'),
(734, 62, 11, '2017-09-01'),
(735, 62, 12, '2017-11-01'),
(736, 62, 13, '2017-06-01'),
(737, 62, 14, '2018-12-01'),
(738, 63, 1, '2013-12-01'),
(739, 63, 2, '2014-02-01'),
(740, 63, 3, '2014-05-01'),
(741, 63, 4, '2014-06-01'),
(742, 63, 5, '2014-09-01'),
(743, 63, 6, '2014-12-01'),
(744, 63, 7, '2015-01-01'),
(745, 63, 8, '2015-02-01'),
(746, 63, 9, '2015-07-01'),
(747, 63, 10, '2016-08-01'),
(748, 63, 11, '2017-09-01'),
(749, 63, 12, '2017-11-01'),
(750, 63, 13, '2017-06-01'),
(751, 63, 14, '2018-12-01'),
(752, 64, 1, '2013-12-01'),
(753, 64, 2, '2014-02-01'),
(754, 64, 3, '2014-05-01'),
(755, 64, 4, '2014-06-01'),
(756, 64, 5, '2014-09-01'),
(757, 64, 6, '2014-12-01'),
(758, 64, 7, '2015-01-01'),
(759, 64, 8, '2015-02-01'),
(760, 64, 9, '2015-07-01'),
(761, 64, 10, '2016-08-01'),
(762, 64, 11, '2017-09-01'),
(763, 64, 12, '2017-11-01'),
(764, 64, 13, '2017-06-01'),
(765, 64, 14, '2018-12-01'),
(766, 65, 1, '2013-12-01'),
(767, 65, 2, '2014-02-01'),
(768, 65, 3, '2014-05-01'),
(769, 65, 4, '2014-06-01'),
(770, 65, 5, '2014-09-01'),
(771, 65, 6, '2014-12-01'),
(772, 65, 7, '2015-01-01'),
(773, 65, 8, '2015-02-01'),
(774, 65, 9, '2015-07-01'),
(775, 65, 10, '2016-08-01'),
(776, 65, 11, '2017-09-01'),
(777, 65, 12, '2017-11-01'),
(778, 65, 13, '2017-06-01'),
(779, 65, 14, '2018-12-01'),
(780, 66, 1, '2013-12-01'),
(781, 66, 2, '2014-02-01'),
(782, 66, 3, '2014-05-01'),
(783, 66, 4, '2014-06-01'),
(784, 66, 5, '2014-09-01'),
(785, 66, 6, '2014-12-01'),
(786, 66, 7, '2015-01-01'),
(787, 66, 8, '2015-02-01'),
(788, 66, 9, '2015-07-01'),
(789, 66, 10, '2016-08-01'),
(790, 66, 11, '2017-09-01'),
(791, 66, 12, '2017-11-01'),
(792, 66, 13, '2017-06-01'),
(793, 66, 14, '2018-12-01'),
(794, 67, 1, '2013-12-01'),
(795, 67, 2, '2014-02-01'),
(796, 67, 3, '2014-05-01'),
(797, 67, 4, '2014-06-01'),
(798, 67, 5, '2014-09-01'),
(799, 67, 6, '2014-12-01'),
(800, 67, 7, '2015-01-01'),
(801, 67, 8, '2015-02-01'),
(802, 67, 9, '2015-07-01'),
(803, 67, 10, '2016-08-01'),
(804, 67, 11, '2017-09-01'),
(805, 67, 12, '2017-11-01'),
(806, 67, 13, '2017-06-01'),
(807, 67, 14, '2018-12-01'),
(808, 68, 1, '2013-12-01'),
(809, 68, 2, '2014-02-01'),
(810, 68, 3, '2014-05-01'),
(811, 68, 4, '2014-06-01'),
(812, 68, 5, '2014-09-01'),
(813, 68, 6, '2014-12-01'),
(814, 68, 7, '2015-01-01'),
(815, 68, 8, '2015-02-01'),
(816, 68, 9, '2015-07-01'),
(817, 68, 10, '2016-08-01'),
(818, 68, 11, '2017-09-01'),
(819, 68, 12, '2017-11-01'),
(820, 68, 13, '2017-06-01'),
(821, 68, 14, '2018-12-01'),
(822, 69, 1, '2013-12-01'),
(823, 69, 2, '2014-02-01'),
(824, 69, 3, '2014-05-01'),
(825, 69, 4, '2014-06-01'),
(826, 69, 5, '2014-09-01'),
(827, 69, 6, '2014-12-01'),
(828, 69, 7, '2015-01-01'),
(829, 69, 8, '2015-02-01'),
(830, 69, 9, '2015-07-01'),
(831, 69, 10, '2016-08-01'),
(832, 69, 11, '2017-09-01'),
(833, 69, 12, '2017-11-01'),
(834, 69, 13, '2017-06-01'),
(835, 69, 14, '2018-12-01'),
(836, 70, 1, '2013-12-01'),
(837, 70, 2, '2014-02-01'),
(838, 70, 3, '2014-05-01'),
(839, 70, 4, '2014-06-01'),
(840, 70, 5, '2014-09-01'),
(841, 70, 6, '2014-12-01'),
(842, 70, 7, '2015-01-01'),
(843, 70, 8, '2015-02-01'),
(844, 70, 9, '2015-07-01'),
(845, 70, 10, '2016-08-01'),
(846, 70, 11, '2017-09-01'),
(847, 70, 12, '2017-11-01'),
(848, 70, 13, '2017-06-01'),
(849, 70, 14, '2018-12-01'),
(850, 71, 1, '2013-12-01'),
(851, 71, 2, '2014-02-01'),
(852, 71, 3, '2014-05-01'),
(853, 71, 4, '2014-06-01'),
(854, 71, 5, '2014-09-01'),
(855, 71, 6, '2014-12-01'),
(856, 71, 7, '2015-01-01'),
(857, 71, 8, '2015-02-01'),
(858, 71, 9, '2015-07-01'),
(859, 71, 10, '2016-08-01'),
(860, 71, 11, '2017-09-01'),
(861, 71, 12, '2017-11-01'),
(862, 71, 13, '2017-06-01'),
(863, 71, 14, '2018-12-01'),
(864, 72, 1, '2013-12-01'),
(865, 72, 2, '2014-02-01'),
(866, 72, 3, '2014-05-01'),
(867, 72, 4, '2014-06-01'),
(868, 72, 5, '2014-09-01'),
(869, 72, 6, '2014-12-01'),
(870, 72, 7, '2015-01-01'),
(871, 72, 8, '2015-02-01'),
(872, 72, 9, '2015-07-01'),
(873, 72, 10, '2016-08-01'),
(874, 72, 11, '2017-09-01'),
(875, 72, 12, '2017-11-01'),
(876, 72, 13, '2017-06-01'),
(877, 72, 14, '2018-12-01'),
(878, 73, 1, '2013-12-01'),
(879, 73, 2, '2014-02-01'),
(880, 73, 4, '2014-06-01'),
(881, 73, 6, '2014-12-01'),
(882, 73, 7, '2015-01-01'),
(883, 73, 9, '2015-07-01'),
(884, 73, 10, '2016-08-01'),
(885, 73, 11, '2017-09-01'),
(886, 73, 12, '2017-11-01'),
(887, 73, 13, '2017-06-01'),
(888, 73, 14, '2018-12-01');

-- --------------------------------------------------------

--
-- Table structure for table `events`
--

CREATE TABLE `events` (
  `id` int(11) NOT NULL,
  `name` varchar(255) NOT NULL
) ENGINE=InnoDB DEFAULT CHARSET=utf8;

--
-- Dumping data for table `events`
--

INSERT INTO `events` (`id`, `name`) VALUES
(1, 'hold_head'),
(2, 'roll_over'),
(3, 'first_teeth'),
(4, 'sit'),
(5, 'crawl'),
(6, 'walk'),
(7, 'first_words'),
(8, 'self_feeding'),
(9, 'make_believe'),
(10, 'two_word_sentences'),
(11, 'potty_trained'),
(12, 'dresses_self'),
(13, 'tell_story'),
(14, 'read_write');

-- --------------------------------------------------------

--
-- Table structure for table `login`
--

CREATE TABLE `login` (
  `username` varchar(255) NOT NULL,
  `password` varchar(255) NOT NULL,
  `child_id` int(11) NOT NULL
) ENGINE=InnoDB DEFAULT CHARSET=utf8;

--
-- Dumping data for table `login`
--

INSERT INTO `login` (`username`, `password`, `child_id`) VALUES
('Kaveh', '234', 0);

--
-- Indexes for dumped tables
--

--
-- Indexes for table `children`
--
ALTER TABLE `children`
  ADD PRIMARY KEY (`id`);

--
-- Indexes for table `child_events`
--
ALTER TABLE `child_events`
  ADD PRIMARY KEY (`id`);

--
-- Indexes for table `events`
--
ALTER TABLE `events`
  ADD PRIMARY KEY (`id`);

  -- Indexes for table `events`
--
ALTER TABLE `login`
  ADD PRIMARY KEY (`username`);

--
-- Indexes for table `login`
--
ALTER TABLE `login`
  ADD UNIQUE KEY `username` (`username`);

--
-- AUTO_INCREMENT for dumped tables
--

--
-- AUTO_INCREMENT for table `children`
--
ALTER TABLE `children`
  MODIFY `id` int(11) NOT NULL AUTO_INCREMENT, AUTO_INCREMENT=74;
--
-- AUTO_INCREMENT for table `child_events`
--
ALTER TABLE `child_events`
  MODIFY `id` int(11) NOT NULL AUTO_INCREMENT, AUTO_INCREMENT=889;
--
-- AUTO_INCREMENT for table `events`
--
ALTER TABLE `events`
  MODIFY `id` int(11) NOT NULL AUTO_INCREMENT, AUTO_INCREMENT=15;
/*!40101 SET CHARACTER_SET_CLIENT=@OLD_CHARACTER_SET_CLIENT */;
/*!40101 SET CHARACTER_SET_RESULTS=@OLD_CHARACTER_SET_RESULTS */;
/*!40101 SET COLLATION_CONNECTION=@OLD_COLLATION_CONNECTION */;